lengthscale,variance
5.709036448592078,0.02000001935066313
4297.673876028086,100.0
21.520332737897576,0.0108135279367428
99966.83544470879,0.010625934419046332
,0.009999999776482582
