lengthscale,variance
1.00294136063364,0.9664986524993291
8627.52169253481,0.4870686972333953
14.417508065075236,1.0293628071236172
8542.566133246677,1.0293628070689955
,0.010000125086265209
